Model,Model_Version,Features_Used,CV_Score,Test_Accuracy,Test_F1_Macro,Test_F1_Weighted,Test_Precision_Weighted,Test_Recall_Weighted,Test_Precision_Macro,Test_Recall_Macro,param_C,param_activation,param_algorithm,param_alpha,param_bagging_fraction,param_bagging_freq,param_batch_size,param_beta_1,param_beta_2,param_class_weight,param_coef0,param_colsample_bytree,param_degree,param_feature_fraction,param_gamma,param_hidden_layer_sizes,param_kernel,param_learning_rate,param_learning_rate_init,param_max_depth,param_max_iter,param_metric,param_min_child_samples,param_min_data_in_leaf,param_n_estimators,param_n_neighbors,param_num_leaves,param_p,param_reg_alpha,param_reg_lambda,param_solver,param_subsample,param_verbosity,param_weights
KNN,full_features,144,0.907189866240,0.941176470588,0.929824561404,0.938080495356,0.947058823529,0.941176470588,0.966666666667,0.909090909091,,,kd_tree,,,,,,,,,,,,,,,,,,,manhattan,,,,2.000000000000,,2.500000000000,,,,,,custom_function_124363293434048
SVM,full_features,144,0.918756986720,0.960784313725,0.954761904762,0.959523809524,0.963488843813,0.960784313725,0.977011494253,0.939393939394,5.161583846219,,,,,,,,,,-0.778544558622,,3.000000000000,,0.004641588834,,rbf,,,,,,,,,,,,,,,,,
MLP,full_features,144,0.923939893482,0.980392156863,0.978066378066,0.980103556574,0.981092436975,0.980392156863,0.988095238095,0.969696969697,,relu,,0.005846499345,,,64.000000000000,0.814414032341,0.912759092469,,,,,,,"(100, 50, 25)",,adaptive,0.004503004889,,1500.000000000000,,,,,,,,,,adam,,,
LightGBM,full_features,144,0.931449973029,0.960784313725,0.959435626102,0.960680568524,0.962184873950,0.960784313725,0.963844797178,0.957351290685,,,,,0.741877470966,4.000000000000,,,,balanced,,0.769921389454,,0.581006938946,,,,0.06220500576089057,,3.000000000000,,,43.000000000000,23.000000000000,203.000000000000,,6.000000000000,,0.034118604978,0.023751383317,,0.864094378102,-1.000000000000,
