{
  "pipeline_info": {
    "script_version": "ML_Pipeline_Scenario2_SHAP_Only",
    "execution_timestamp": "2025-10-03T16:37:50.805628",
    "scenario": "Full Features + SHAP Analysis Only",
    "dataset_path": "./Preprocessed_Data"
  },
  "dataset_info": {
    "num_features": 144,
    "num_classes": 3,
    "class_names": [
      "collision",
      "normal",
      "obstruction"
    ],
    "train_samples": 201,
    "test_samples": 51
  },
  "model_performance": {
    "models_trained": 4,
    "best_model": {
      "name": "MLP",
      "accuracy": 0.9803921568627451
    },
    "all_results": {
      "KNN": {
        "accuracy": 0.9411764705882353,
        "f1_macro": 0.9298245614035087,
        "f1_weighted": 0.9380804953560372,
        "precision_macro": 0.9666666666666667,
        "recall_macro": 0.9090909090909092,
        "features_used": 144,
        "model_version": "full_features"
      },
      "SVM": {
        "accuracy": 0.9607843137254902,
        "f1_macro": 0.9547619047619048,
        "f1_weighted": 0.9595238095238094,
        "precision_macro": 0.9770114942528735,
        "recall_macro": 0.9393939393939394,
        "features_used": 144,
        "model_version": "full_features"
      },
      "MLP": {
        "accuracy": 0.9803921568627451,
        "f1_macro": 0.978066378066378,
        "f1_weighted": 0.9801035565741447,
        "precision_macro": 0.9880952380952381,
        "recall_macro": 0.9696969696969697,
        "features_used": 144,
        "model_version": "full_features"
      },
      "LightGBM": {
        "accuracy": 0.9607843137254902,
        "f1_macro": 0.9594356261022927,
        "f1_weighted": 0.9606805685237058,
        "precision_macro": 0.9638447971781305,
        "recall_macro": 0.957351290684624,
        "features_used": 144,
        "model_version": "full_features"
      }
    }
  },
  "configuration": {
    "skip_lightgbm": false,
    "intensive_search": true
  }
}